date,timestamp,open,high,low,close,volume
2023-01-01,1672531200000,16541.77,16628.0,16499.01,16616.75,96925.41374
2023-01-02,1672617600000,16617.17,16799.23,16548.7,16672.87,121888.57191
2023-01-03,1672704000000,16672.78,16778.4,16605.28,16675.18,159541.53733
2023-01-04,1672790400000,16675.65,16991.87,16652.66,16850.36,220362.18862
2023-01-05,1672876800000,16850.36,16879.82,16753.0,16831.85,163473.56641
2023-01-06,1672963200000,16831.85,17041.0,16679.0,16950.65,207401.28415
2023-01-07,1673049600000,16950.31,16981.91,16908.0,16943.57,104526.5688
2023-01-08,1673136000000,16943.83,17176.99,16911.0,17127.83,135155.89695
2023-01-09,1673222400000,17127.83,17398.8,17104.66,17178.26,266211.52723
2023-01-10,1673308800000,17179.04,17499.0,17146.34,17440.66,221382.42581
2023-01-11,1673395200000,17440.64,18000.0,17315.6,17943.26,262221.60653
2023-01-12,1673481600000,17943.26,19117.04,17892.05,18846.62,454568.32178
2023-01-13,1673568000000,18846.62,20000.0,18714.12,19930.01,368615.87823
2023-01-14,1673654400000,19930.01,21258.0,19888.05,20954.92,393913.74951
2023-01-15,1673740800000,20952.76,21050.74,20551.01,20871.5,178542.22549
2023-01-16,1673827200000,20872.99,21474.05,20611.48,21185.65,293078.08262
2023-01-17,1673913600000,21185.65,21647.45,20841.31,21134.81,275407.74409
2023-01-18,1674000000000,21132.29,21650.0,20407.15,20677.47,350916.01949
2023-01-19,1674086400000,20677.47,21192.0,20659.19,21071.59,251385.84925
2023-01-20,1674172800000,21071.59,22755.93,20861.28,22667.21,338079.13659
2023-01-21,1674259200000,22666.0,23371.8,22422.0,22783.55,346445.48432
2023-01-22,1674345600000,22783.35,23078.71,22292.37,22707.88,253577.75286
2023-01-23,1674432000000,22706.02,23180.0,22500.0,22916.45,293588.37938
2023-01-24,1674518400000,22917.81,23162.2,22462.93,22632.89,293158.78254
2023-01-25,1674604800000,22631.94,23816.73,22300.0,23060.94,346042.83223
2023-01-26,1674691200000,23060.42,23282.47,22850.01,23009.65,288924.43581
2023-01-27,1674777600000,23009.65,23500.0,22534.88,23074.16,280833.86315
2023-01-28,1674864000000,23074.16,23189.0,22878.46,23022.6,148115.71085
2023-01-29,1674950400000,23021.4,23960.54,22967.76,23742.3,295688.79204
2023-01-30,1675036800000,23743.37,23800.51,22500.0,22826.15,302405.90121
2023-01-31,1675123200000,22827.38,23320.0,22714.77,23125.13,264649.34909
2023-02-01,1675209600000,23125.13,23812.66,22760.23,23732.66,310790.42271
2023-02-02,1675296000000,23731.41,24255.0,23363.27,23488.94,364177.20751
2023-02-03,1675382400000,23489.33,23715.7,23204.62,23431.9,332571.02904
2023-02-04,1675468800000,23431.9,23587.78,23253.96,23326.84,166126.47295
2023-02-05,1675555200000,23327.66,23433.33,22743.0,22932.91,209251.33917
2023-02-06,1675641600000,22932.91,23158.25,22628.13,22762.52,265371.6069
2023-02-07,1675728000000,22762.52,23350.25,22745.78,23240.46,308006.72482
2023-02-08,1675814400000,23242.42,23452.0,22665.85,22963.0,280056.30717
2023-02-09,1675900800000,22961.85,23011.39,21688.0,21796.35,402894.6955
2023-02-10,1675987200000,21797.83,21938.16,21451.0,21625.19,338591.94247
2023-02-11,1676073600000,21625.19,21906.32,21599.78,21862.55,177021.58433
2023-02-12,1676160000000,21862.02,22090.0,21630.0,21783.54,204435.65163
2023-02-13,1676246400000,21782.37,21894.99,21351.07,21773.97,295730.76791
2023-02-14,1676332800000,21774.63,22319.08,21532.77,22199.84,361958.40109
2023-02-15,1676419200000,22199.84,24380.0,22047.28,24324.05,375669.16111
2023-02-16,1676505600000,24322.87,25250.0,23505.25,23517.72,450080.68366
2023-02-17,1676592000000,23517.72,25021.11,23339.37,24569.97,496813.21376
2023-02-18,1676678400000,24568.24,24877.0,24430.0,24631.95,216917.25213
2023-02-19,1676764800000,24632.05,25192.0,24192.57,24271.76,300395.99542
2023-02-20,1676851200000,24272.51,25121.23,23840.83,24842.2,346938.56997
2023-02-21,1676937600000,24843.89,25250.0,24148.34,24452.16,376000.82868
2023-02-22,1677024000000,24450.67,24476.05,23574.69,24182.21,379425.75365
2023-02-23,1677110400000,24182.21,24599.59,23608.0,23940.2,398400.45437
2023-02-24,1677196800000,23940.2,24132.35,22841.19,23185.29,343582.57453
2023-02-25,1677283200000,23184.04,23219.13,22722.0,23157.07,191311.8101
2023-02-26,1677369600000,23157.07,23689.99,23059.18,23554.85,202323.73623
2023-02-27,1677456000000,23554.85,23897.99,23106.77,23492.09,283706.0859
2023-02-28,1677542400000,23492.09,23600.0,23020.97,23141.57,264140.99894
2023-03-01,1677628800000,23141.57,24000.0,23020.03,23628.97,315287.41737
2023-03-02,1677715200000,23629.76,23796.93,23195.9,23465.32,239315.45219
2023-03-03,1677801600000,23465.32,23476.95,21971.13,22354.34,319954.19785
2023-03-04,1677888000000,22354.34,22410.0,22157.08,22346.57,121257.38132
2023-03-05,1677974400000,22346.57,22662.09,22189.22,22430.24,154841.75786
2023-03-06,1678060800000,22430.24,22602.19,22258.0,22410.0,203751.82957
2023-03-07,1678147200000,22409.41,22557.91,21927.0,22197.96,292519.80912
2023-03-08,1678233600000,22198.56,22287.0,21580.0,21705.44,301460.57272
2023-03-09,1678320000000,21704.37,21834.99,20042.72,20362.22,443658.28584
2023-03-10,1678406400000,20362.21,20367.78,19549.09,20150.69,618456.4671
2023-03-11,1678492800000,20150.69,20686.51,19765.03,20455.73,427831.82133
2023-03-12,1678579200000,20455.73,22150.0,20270.6,21997.11,430944.94288
2023-03-13,1678665600000,21998.05,24500.0,21813.88,24113.48,687889.31259
2023-03-14,1678752000000,24112.27,26386.87,23976.42,24670.41,699360.93423
2023-03-15,1678838400000,24670.41,25196.97,23896.95,24285.66,581450.72984
2023-03-16,1678924800000,24285.66,25167.4,24123.0,24998.78,439421.32998
2023-03-17,1679011200000,24998.78,27756.84,24890.0,27395.13,624460.68091
2023-03-18,1679097600000,27395.13,27724.85,26578.0,26907.49,371238.97174
2023-03-19,1679184000000,26907.49,28390.1,26827.22,27972.87,372066.99054
2023-03-20,1679270400000,27972.87,28472.0,27124.47,27717.01,477378.23373
2023-03-21,1679356800000,27717.01,28438.55,27303.1,28105.47,420929.7422
2023-03-22,1679443200000,28107.81,28868.05,26601.8,27250.97,224113.41296
2023-03-23,1679529600000,27250.97,28750.0,27105.0,28295.41,128649.60818
2023-03-24,1679616000000,28295.42,28374.3,27000.0,27454.47,86242.06544
2023-03-25,1679702400000,27454.46,27787.33,27156.09,27462.95,50844.08102
2023-03-26,1679788800000,27462.96,28194.4,27417.76,27968.05,49671.70353
2023-03-27,1679875200000,27968.05,28023.86,26508.14,27124.91,88039.46898
2023-03-28,1679961600000,27124.9,27520.0,26631.78,27261.07,78602.44341
2023-03-29,1680048000000,27261.06,28650.0,27240.1,28348.6,89486.16008
2023-03-30,1680134400000,28348.6,29184.68,27686.0,28028.53,98865.43256
2023-03-31,1680220800000,28028.53,28656.69,27511.71,28465.36,78198.12139
2023-04-01,1680307200000,28465.36,28819.71,28220.27,28452.73,30238.44753
2023-04-02,1680393600000,28452.74,28530.0,27856.43,28171.87,37365.65692
2023-04-03,1680480000000,28171.87,28500.99,27200.24,27800.0,79180.01405
2023-04-04,1680566400000,27800.0,28444.44,27662.79,28165.47,49722.55691
2023-04-05,1680652800000,28165.47,28775.0,27805.1,28170.01,60737.64732
2023-04-06,1680739200000,28170.01,28182.05,27711.0,28033.82,40118.94963
2023-04-07,1680825600000,28033.83,28100.0,27766.94,27906.33,24762.09387
2023-04-08,1680912000000,27906.34,28154.99,27859.02,27938.38,19479.96735
2023-04-09,1680998400000,27938.38,28530.0,27800.0,28323.76,32531.16101
2023-04-10,1681084800000,28323.76,29770.0,28170.0,29637.34,67754.0622
2023-04-11,1681171200000,29637.35,30550.0,29590.0,30200.42,67990.07621
2023-04-12,1681257600000,30200.43,30486.0,29637.4,29888.07,62049.48451
2023-04-13,1681344000000,29888.07,30595.0,29854.59,30373.84,51934.11731
2023-04-14,1681430400000,30373.84,31000.0,29966.0,30466.93,75984.19452
2023-04-15,1681516800000,30466.93,30595.6,30202.0,30295.09,25429.81247
2023-04-16,1681603200000,30295.1,30549.99,30120.0,30304.65,26431.99322
2023-04-17,1681689600000,30304.66,30316.06,29240.65,29430.27,56441.81127
2023-04-18,1681776000000,29430.27,30485.0,29096.78,30380.01,62004.89434
2023-04-19,1681862400000,30380.01,30413.53,28520.0,28797.1,86575.48656
2023-04-20,1681948800000,28797.1,29088.3,28010.0,28243.65,76879.09372
2023-04-21,1682035200000,28243.65,28374.02,27125.0,27262.84,77684.7679
2023-04-22,1682121600000,27262.84,27882.72,27140.35,27816.85,36023.69686
2023-04-23,1682208000000,27816.85,27816.85,27311.25,27590.6,34812.09581
2023-04-24,1682294400000,27590.59,28000.0,26942.82,27510.93,53111.56874
2023-04-25,1682380800000,27510.93,28399.99,27192.0,28300.79,52325.14637
2023-04-26,1682467200000,28300.8,30036.0,27235.0,28415.29,129228.40403
2023-04-27,1682553600000,28415.29,29890.0,28378.86,29472.77,95430.82431
2023-04-28,1682640000000,29472.77,29599.54,28891.0,29311.7,54298.16578
2023-04-29,1682726400000,29311.69,29448.88,29031.0,29230.45,20466.83058
2023-04-30,1682812800000,29230.45,29969.39,29079.59,29233.21,39752.5372
2023-05-01,1682899200000,29233.2,29337.34,27666.95,28068.26,64433.65958
2023-05-02,1682985600000,28068.26,28879.88,27872.0,28669.86,50824.5224
2023-05-03,1683072000000,28669.85,29266.66,28113.69,29026.16,64615.79213
2023-05-04,1683158400000,29026.16,29379.83,28663.64,28838.16,42575.47501
2023-05-05,1683244800000,28838.16,29677.0,28800.0,29505.61,58415.83048
2023-05-06,1683331200000,29505.6,29820.0,28300.0,28848.2,49249.28459
2023-05-07,1683417600000,28848.19,29138.29,28395.23,28430.1,30003.41028
2023-05-08,1683504000000,28430.09,28631.01,27262.0,27668.79,68244.36179
2023-05-09,1683590400000,27668.8,27818.0,27353.0,27628.27,40113.31069
2023-05-10,1683676800000,27628.28,28331.42,26777.0,27598.75,71155.11355
2023-05-11,1683763200000,27598.74,27630.14,26702.05,26968.62,47635.31365
2023-05-12,1683849600000,26968.61,27091.12,25811.46,26795.01,67207.93494
2023-05-13,1683936000000,26795.01,27045.45,26692.03,26775.28,22814.90421
2023-05-14,1684022400000,26775.27,27200.0,26560.53,26917.62,21594.8036
2023-05-15,1684108800000,26917.61,27663.59,26726.0,27162.14,40430.08333
2023-05-16,1684195200000,27162.15,27296.89,26852.11,27033.84,33270.45451
2023-05-17,1684281600000,27033.85,27500.0,26544.71,27405.61,42958.97785
2023-05-18,1684368000000,27405.62,27485.33,26361.2,26821.28,49198.65143
2023-05-19,1684454400000,26821.28,27183.6,26630.0,26880.26,28754.13544
2023-05-20,1684540800000,26880.26,27150.0,26825.11,27102.43,14434.54718
2023-05-21,1684627200000,27102.42,27277.55,26666.03,26747.78,21347.87279
2023-05-22,1684713600000,26747.78,27099.89,26538.21,26849.27,26458.83828
2023-05-23,1684800000000,26849.28,27495.83,26798.11,27219.61,38700.83858
2023-05-24,1684886400000,27219.61,27219.61,26080.5,26329.01,54393.0657
2023-05-25,1684972800000,26329.0,26631.98,25871.89,26473.79,37435.44895
2023-05-26,1685059200000,26473.8,26932.16,26327.24,26705.92,35061.18713
2023-05-27,1685145600000,26705.93,26895.0,26551.0,26854.27,15095.6867
2023-05-28,1685232000000,26854.28,28261.32,26764.36,28065.0,43916.00855
2023-05-29,1685318400000,28065.01,28447.14,27524.6,27736.4,42385.41945
2023-05-30,1685404800000,27736.39,28038.59,27554.0,27694.4,32686.75371
2023-05-31,1685491200000,27694.39,27835.51,26839.01,27210.35,46588.80573
2023-06-01,1685577600000,27210.36,27350.0,26605.05,26817.93,39217.8088
2023-06-02,1685664000000,26817.93,27300.0,26505.0,27242.59,36380.90269
2023-06-03,1685750400000,27242.59,27333.29,26914.93,27069.22,16595.34117
2023-06-04,1685836800000,27069.22,27455.02,26951.0,27115.21,19258.41049
2023-06-05,1685923200000,27115.2,27129.33,25388.0,25728.2,65805.60305
2023-06-06,1686009600000,25728.2,27355.33,25351.02,27230.08,68392.60438
2023-06-07,1686096000000,27230.07,27391.77,26125.01,26339.34,59619.44364
2023-06-08,1686182400000,26339.34,26810.0,26210.0,26498.61,31075.51083
2023-06-09,1686268800000,26498.62,26783.33,26269.91,26477.81,27934.7097
2023-06-10,1686355200000,26477.8,26533.87,25358.0,25841.21,64944.60108
2023-06-11,1686441600000,25841.22,26206.88,25634.7,25925.55,30014.29595
2023-06-12,1686528000000,25925.54,26106.48,25602.11,25905.19,29900.50893
2023-06-13,1686614400000,25905.2,26433.21,25712.57,25934.25,41065.60853
2023-06-14,1686700800000,25934.24,26098.0,24820.56,25128.6,45077.31608
2023-06-15,1686787200000,25128.6,25759.01,24800.0,25598.49,48664.86063
2023-06-16,1686873600000,25598.49,26518.0,25175.56,26345.0,51596.91662
2023-06-17,1686960000000,26345.01,26839.99,26181.0,26516.99,27842.2195
2023-06-18,1687046400000,26516.99,26700.0,26255.85,26339.97,21538.31022
2023-06-19,1687132800000,26339.98,27068.09,26256.61,26844.35,35872.65974
2023-06-20,1687219200000,26844.35,28402.74,26652.0,28307.99,69666.95525
2023-06-21,1687305600000,28308.0,30800.0,28257.99,29993.89,108926.40412
2023-06-22,1687392000000,29993.89,30500.0,29525.61,29884.92,59054.5646
2023-06-23,1687478400000,29884.92,31431.94,29800.0,30688.5,73931.89635
2023-06-24,1687564800000,30688.51,30800.0,30250.0,30527.43,30513.30135
2023-06-25,1687651200000,30527.44,31046.01,30277.49,30462.66,30223.44801
2023-06-26,1687737600000,30462.67,30666.0,29930.0,30267.99,45180.41489
2023-06-27,1687824000000,30267.99,30994.97,30226.17,30692.44,42699.64157
2023-06-28,1687910400000,30692.44,30709.74,29858.8,30077.41,40463.51937
2023-06-29,1687996800000,30077.4,30843.98,30049.98,30447.31,36330.62903
2023-06-30,1688083200000,30447.31,31282.0,29500.0,30472.0,89419.07618
2023-07-01,1688169600000,30471.99,30661.6,30320.57,30585.9,17501.75075
2023-07-02,1688256000000,30585.9,30791.0,30155.0,30617.03,23286.41019
2023-07-03,1688342400000,30617.02,31380.0,30570.27,31156.2,43761.64311
2023-07-04,1688428800000,31156.2,31350.69,30620.0,30766.51,33206.11943
2023-07-05,1688515200000,30766.52,30878.07,30200.0,30504.81,33215.67122
2023-07-06,1688601600000,30504.8,31500.0,29850.45,29895.43,71319.6261
2023-07-07,1688688000000,29895.42,30449.0,29701.02,30344.7,34070.53895
2023-07-08,1688774400000,30344.7,30386.81,30044.47,30284.63,13094.59042
2023-07-09,1688860800000,30284.63,30445.52,30061.12,30160.71,15388.50196
2023-07-10,1688947200000,30160.71,31045.78,29950.0,30411.57,41262.87652
2023-07-11,1689033600000,30411.57,30813.63,30300.0,30622.1,28476.83311
2023-07-12,1689120000000,30622.1,30983.25,30210.0,30380.0,38108.99669
2023-07-13,1689206400000,30380.0,31804.2,30251.0,31454.23,70772.51836
2023-07-14,1689292800000,31454.23,31630.0,29900.0,30312.01,60749.48424
2023-07-15,1689379200000,30312.0,30390.9,30200.0,30289.52,14118.55329
2023-07-16,1689465600000,30289.52,30441.46,30064.29,30231.99,15760.1281
2023-07-17,1689552000000,30232.0,30336.96,29659.2,30138.0,30882.76839
2023-07-18,1689638400000,30138.01,30239.78,29512.0,29859.13,30003.8601
2023-07-19,1689724800000,29859.14,30189.09,29761.96,29909.21,25657.36137
2023-07-20,1689811200000,29909.21,30417.46,29570.96,29800.0,37540.68193
2023-07-21,1689897600000,29800.0,30061.7,29726.34,29901.72,23881.40865
2023-07-22,1689984000000,29901.72,29999.0,29625.1,29794.0,14660.40467
2023-07-23,1690070400000,29793.99,30350.0,29730.0,30083.75,18292.78637
2023-07-24,1690156800000,30083.75,30099.58,28861.9,29176.5,39628.99691
2023-07-25,1690243200000,29176.5,29376.0,29047.65,29228.91,21565.7478
2023-07-26,1690329600000,29228.91,29690.0,29096.94,29351.96,33931.63366
2023-07-27,1690416000000,29351.95,29567.49,29083.85,29222.78,22476.47626
2023-07-28,1690502400000,29222.78,29542.22,29123.12,29314.14,23993.61627
2023-07-29,1690588800000,29314.14,29406.92,29256.18,29352.9,10851.36844
2023-07-30,1690675200000,29352.9,29449.0,29033.24,29281.09,15706.97441
2023-07-31,1690761600000,29281.09,29530.0,29101.8,29232.25,22605.48964
2023-08-01,1690848000000,29232.26,29739.25,28585.7,29705.99,44719.65162
2023-08-02,1690934400000,29705.99,30047.5,28927.5,29186.01,48181.65141
2023-08-03,1691020800000,29186.0,29433.33,28968.0,29193.64,26476.91994
2023-08-04,1691107200000,29193.65,29333.08,28807.54,29113.99,23551.95217
2023-08-05,1691193600000,29114.0,29152.23,28978.64,29072.13,11645.52018
2023-08-06,1691280000000,29072.13,29205.09,28991.88,29088.42,13178.1972
2023-08-07,1691366400000,29088.43,29276.78,28701.03,29211.06,30966.87746
2023-08-08,1691452800000,29211.06,30244.0,29146.45,29770.42,45700.53392
2023-08-09,1691539200000,29770.41,30160.0,29376.67,29581.99,38003.88725
2023-08-10,1691625600000,29581.99,29738.0,29320.2,29455.75,23463.45373
2023-08-11,1691712000000,29455.76,29564.52,29252.45,29426.03,20637.0443
2023-08-12,1691798400000,29426.02,29481.35,29381.56,29430.17,8971.48068
2023-08-13,1691884800000,29430.18,29474.65,29272.32,29303.84,11101.70947
2023-08-14,1691971200000,29303.85,29695.32,29102.45,29430.93,31443.11532
2023-08-15,1692057600000,29430.92,29499.26,29059.6,29200.0,27503.87691
2023-08-16,1692144000000,29200.01,29259.85,28723.08,28730.51,32996.69854
2023-08-17,1692230400000,28730.51,28783.48,25166.0,26623.41,100271.54033
2023-08-18,1692316800000,26623.41,26832.6,25619.0,26054.0,69790.65711
2023-08-19,1692403200000,26054.0,26281.0,25801.09,26100.01,26160.75343
2023-08-20,1692489600000,26100.01,26299.0,25971.05,26189.99,19056.91209
2023-08-21,1692576000000,26190.0,26258.42,25812.0,26126.92,30267.24233
2023-08-22,1692662400000,26126.92,26139.42,25300.0,26056.0,34247.06688
2023-08-23,1692748800000,26055.99,26819.27,25812.82,26432.72,44023.69978
2023-08-24,1692835200000,26432.71,26577.87,25864.0,26180.05,30205.22116
2023-08-25,1692921600000,26180.05,26314.05,25777.15,26060.01,27753.33772
2023-08-26,1693008000000,26060.0,26125.77,25985.92,26017.37,10022.22322
2023-08-27,1693094400000,26017.38,26182.23,25966.11,26101.77,12099.64216
2023-08-28,1693180800000,26101.78,26253.99,25864.5,26120.0,22692.62655
2023-08-29,1693267200000,26120.0,28142.85,25922.0,27716.34,74251.99488
2023-08-30,1693353600000,27716.34,27768.57,27017.24,27299.99,35448.25848
2023-08-31,1693440000000,27299.99,27587.51,25655.01,25940.78,51032.80401
2023-09-01,1693526400000,25940.77,26156.0,25333.75,25805.05,41032.15056
2023-09-02,1693612800000,25805.04,25987.5,25752.47,25869.51,16250.77698
2023-09-03,1693699200000,25869.52,26135.0,25800.0,25971.21,17474.47667
2023-09-04,1693785600000,25971.21,26108.02,25631.21,25826.02,21777.59609
2023-09-05,1693872000000,25826.03,25915.49,25562.62,25792.1,21323.39337
2023-09-06,1693958400000,25792.11,26040.0,25372.51,25759.95,27262.52386
2023-09-07,1694044800000,25759.95,26443.14,25615.38,26255.0,27687.49567
2023-09-08,1694131200000,26255.0,26445.5,25647.26,25910.5,28999.76471
2023-09-09,1694217600000,25910.5,25945.09,25796.64,25901.61,10980.62277
2023-09-10,1694304000000,25901.6,26033.66,25570.57,25841.61,18738.26914
2023-09-11,1694390400000,25841.6,25900.69,24901.0,25162.52,41682.32
2023-09-12,1694476800000,25162.53,26567.0,25131.48,25840.1,56434.38537
2023-09-13,1694563200000,25840.1,26405.22,25764.17,26222.0,31610.82753
2023-09-14,1694649600000,26222.0,26860.49,26126.77,26522.73,38333.1725
2023-09-15,1694736000000,26522.73,26888.0,26224.0,26600.0,26227.29369
2023-09-16,1694822400000,26599.99,26777.0,26445.0,26559.67,13960.93351
2023-09-17,1694908800000,26559.67,26623.25,26399.0,26527.51,12998.10277
2023-09-18,1694995200000,26527.5,27409.0,26377.35,26762.51,43000.43256
2023-09-19,1695081600000,26762.5,27483.57,26667.79,27210.26,36190.52187
2023-09-20,1695168000000,27210.25,27388.63,26800.0,27125.0,34207.21867
2023-09-21,1695254400000,27125.01,27159.6,26377.7,26568.08,34476.82662
2023-09-22,1695340800000,26568.08,26743.38,26468.77,26580.14,18198.2292
2023-09-23,1695427200000,26580.14,26632.81,26509.0,26575.96,9440.7026
2023-09-24,1695513600000,26575.97,26738.54,26122.08,26248.38,15706.65771
2023-09-25,1695600000000,26248.39,26446.15,25990.46,26304.81,26266.2039
2023-09-26,1695686400000,26304.8,26397.46,26088.34,26221.67,18495.35066
2023-09-27,1695772800000,26221.68,26850.0,26112.06,26372.99,34771.57978
2023-09-28,1695859200000,26373.0,27308.48,26342.4,27021.39,44517.83491
2023-09-29,1695945600000,27021.39,27244.89,26665.16,26906.96,28478.76219
2023-09-30,1696032000000,26906.96,27094.99,26886.31,26962.56,12804.62307
2023-10-01,1696118400000,26962.57,28065.51,26954.09,27992.57,24602.81468
2023-10-02,1696204800000,27992.58,28580.0,27281.44,27494.51,57071.14241
2023-10-03,1696291200000,27494.51,27676.52,27160.5,27426.46,28928.96555
2023-10-04,1696377600000,27426.45,27839.72,27202.0,27778.57,29816.142
2023-10-05,1696464000000,27778.57,28120.39,27352.0,27410.39,30681.49619
2023-10-06,1696550400000,27410.39,28295.0,27175.94,27931.09,37983.24277
2023-10-07,1696636800000,27931.1,28029.67,27842.08,27956.67,13348.83825
2023-10-08,1696723200000,27956.67,28095.14,27687.5,27917.05,19693.56921
2023-10-09,1696809600000,27917.06,27987.93,27260.0,27590.12,31534.74639
2023-10-10,1696896000000,27590.12,27735.0,27298.0,27390.12,22776.84383
2023-10-11,1696982400000,27390.12,27477.39,26538.66,26875.52,37349.44706
2023-10-12,1697068800000,26875.52,26947.04,26555.0,26759.63,23428.64112
2023-10-13,1697155200000,26759.63,27130.0,26685.0,26862.0,24115.76499
2023-10-14,1697241600000,26862.0,26989.58,26789.0,26852.48,10417.25576
2023-10-15,1697328000000,26852.48,27293.33,26808.25,27154.15,15274.6917
2023-10-16,1697414400000,27154.14,30000.0,27112.66,28500.78,78399.22445
2023-10-17,1697500800000,28500.77,28613.65,28069.32,28395.91,38428.44532
2023-10-18,1697587200000,28395.91,28982.36,28142.87,28320.0,32162.47591
2023-10-19,1697673600000,28320.0,28916.89,28100.66,28713.71,35895.50179
2023-10-20,1697760000000,28713.71,30207.55,28578.29,29669.04,59422.0992
2023-10-21,1697846400000,29669.05,30379.99,29464.77,29909.8,27517.51897
2023-10-22,1697932800000,29909.8,30248.0,29640.0,29992.46,22852.54563
2023-10-23,1698019200000,29992.46,34741.91,29883.6,33069.99,93513.64246
2023-10-24,1698105600000,33069.99,35280.0,32832.34,33922.73,115265.02418
2023-10-25,1698192000000,33922.73,35132.85,33679.05,34496.05,54887.02529
2023-10-26,1698278400000,34496.05,34824.13,33751.0,34151.66,39744.66255
2023-10-27,1698364800000,34151.66,34245.0,33390.95,33892.02,32330.40106
2023-10-28,1698451200000,33892.01,34493.33,33860.0,34081.0,16880.13144
2023-10-29,1698537600000,34081.01,34750.11,33930.0,34525.89,20685.52176
2023-10-30,1698624000000,34525.88,34856.0,34062.84,34474.73,33657.95976
2023-10-31,1698710400000,34474.74,34720.49,34025.0,34639.77,32737.89822
2023-11-01,1698796800000,34639.78,35582.0,34097.39,35421.43,53473.28165
2023-11-02,1698883200000,35421.43,35984.99,34300.0,34941.59,48015.57732
2023-11-03,1698969600000,34941.58,34946.5,34120.0,34716.78,39071.20644
2023-11-04,1699056000000,34716.78,35255.0,34585.18,35062.07,18377.55545
2023-11-05,1699142400000,35062.06,35380.0,34448.0,35011.88,24528.73376
2023-11-06,1699228800000,35011.89,35276.33,34725.9,35046.09,22346.47086
2023-11-07,1699315200000,35046.09,35888.0,34523.06,35399.12,38688.73692
2023-11-08,1699401600000,35399.13,36106.0,35100.0,35624.72,33401.34137
2023-11-09,1699488000000,35624.72,37972.24,35534.05,36701.09,82537.88885
2023-11-10,1699574400000,36701.1,37526.0,36324.71,37301.63,43414.04898
2023-11-11,1699660800000,37301.63,37408.26,36666.93,37130.0,22984.97235
2023-11-12,1699747200000,37129.99,37222.22,36731.1,37064.13,17687.18874
2023-11-13,1699833600000,37064.13,37417.99,36333.0,36462.93,32798.18252
2023-11-14,1699920000000,36462.93,36744.0,34800.0,35551.19,45503.68416
2023-11-15,1700006400000,35551.2,37980.0,35360.0,37858.2,53569.13385
2023-11-16,1700092800000,37858.2,37929.54,35500.0,36163.51,47490.39566
2023-11-17,1700179200000,36163.51,36800.0,35861.1,36613.92,38283.61112
2023-11-18,1700265600000,36613.91,36845.49,36178.58,36568.1,17102.24186
2023-11-19,1700352000000,36568.11,37500.0,36384.02,37359.86,21246.34648
2023-11-20,1700438400000,37359.85,37750.0,36677.0,37448.78,36022.70291
2023-11-21,1700524800000,37448.79,37649.44,35735.0,35741.65,47646.54804
2023-11-22,1700611200000,35741.65,37861.1,35632.01,37408.34,45051.30697
2023-11-23,1700697600000,37408.35,37653.44,36870.0,37294.28,23827.92882
2023-11-24,1700784000000,37294.27,38414.0,37251.51,37713.57,44680.80646
2023-11-25,1700870400000,37713.57,37888.0,37591.1,37780.67,11396.14464
2023-11-26,1700956800000,37780.67,37814.63,37150.0,37447.43,21264.53723
2023-11-27,1701043200000,37447.42,37569.23,36707.0,37242.7,30001.07376
2023-11-28,1701129600000,37242.7,38377.0,36868.41,37818.87,37544.46667
2023-11-29,1701216000000,37818.88,38450.0,37570.0,37854.64,32994.19107
2023-11-30,1701302400000,37854.65,38145.85,37500.0,37723.96,24740.29147
2023-12-01,1701388800000,37723.97,38999.0,37615.86,38682.52,43415.66324
2023-12-02,1701475200000,38682.51,39717.14,38641.61,39450.35,26696.92161
2023-12-03,1701561600000,39450.35,40250.0,39274.86,39972.26,26710.65335
2023-12-04,1701648000000,39972.26,42420.0,39972.26,41991.1,79272.33059
2023-12-05,1701734400000,41991.1,44488.0,41414.0,44073.32,67490.74644
2023-12-06,1701820800000,44073.82,44297.21,43335.28,43762.69,51431.10492
2023-12-07,1701907200000,43762.69,44047.33,42821.1,43273.14,47103.26845
2023-12-08,1701993600000,43273.15,44700.0,43081.1,44170.99,42900.37556
2023-12-09,1702080000000,44171.0,44358.02,43584.51,43713.6,24925.97008
2023-12-10,1702166400000,43713.59,44049.0,43563.0,43789.51,18956.61758
2023-12-11,1702252800000,43789.5,43804.5,40222.0,41253.4,76663.89804
2023-12-12,1702339200000,41253.41,42104.12,40680.0,41492.39,42722.69773
2023-12-13,1702425600000,41492.38,43475.2,40555.0,42869.03,45865.99773
2023-12-14,1702512000000,42869.03,43420.0,41400.0,43022.26,42047.05709
2023-12-15,1702598400000,43022.26,43080.81,41666.0,41940.3,33421.7932
2023-12-16,1702684800000,41940.29,42724.43,41605.0,42278.03,24118.85747
2023-12-17,1702771200000,42278.02,42424.07,41252.0,41374.65,27722.11452
2023-12-18,1702857600000,41374.64,42757.81,40542.93,42657.8,46734.0925
2023-12-19,1702944000000,42657.8,43497.0,41811.1,42275.99,40927.86444
2023-12-20,1703030400000,42275.99,44283.0,42206.0,43668.93,48710.2947
2023-12-21,1703116800000,43668.92,44242.35,43286.72,43861.8,34624.29384
2023-12-22,1703203200000,43861.79,44398.26,43412.54,43969.04,32783.19638
2023-12-23,1703289600000,43969.04,43988.68,43291.1,43702.16,16557.1293
2023-12-24,1703376000000,43702.15,43946.0,42500.0,42991.5,25144.33496
2023-12-25,1703462400000,42991.5,43802.32,42720.43,43576.13,27021.23992
2023-12-26,1703548800000,43576.12,43592.68,41637.6,42508.93,41010.04282
2023-12-27,1703635200000,42508.93,43677.0,42098.69,43428.85,36191.21136
2023-12-28,1703721600000,43428.86,43787.57,42241.79,42563.76,35150.52485
2023-12-29,1703808000000,42563.76,43111.0,41300.0,42066.95,42597.18912
2023-12-30,1703894400000,42066.94,42612.32,41520.3,42140.28,22906.57818
2023-12-31,1703980800000,42140.29,42899.0,41965.84,42283.58,23585.91603
2024-01-01,1704067200000,42283.58,44184.1,42180.77,44179.55,27174.29903
2024-01-02,1704153600000,44179.55,45879.63,44148.34,44946.91,65146.40661
2024-01-03,1704240000000,44946.91,45500.0,40750.0,42845.23,81194.55173
2024-01-04,1704326400000,42845.23,44729.58,42613.77,44151.1,48038.06334
2024-01-05,1704412800000,44151.1,44357.46,42450.0,44145.11,48075.25327
2024-01-06,1704499200000,44145.12,44214.42,43397.05,43968.32,17835.06144
2024-01-07,1704585600000,43968.32,44480.59,43572.09,43929.02,23023.8508
2024-01-08,1704672000000,43929.01,47248.99,43175.0,46951.04,72814.57589
2024-01-09,1704758400000,46951.04,47972.0,44748.67,46110.0,69927.66617
2024-01-10,1704844800000,46110.0,47695.93,44300.36,46653.99,89911.41203
2024-01-11,1704931200000,46654.0,48969.48,45606.06,46339.16,87470.3296
2024-01-12,1705017600000,46339.16,46515.53,41500.0,42782.73,86327.93707
2024-01-13,1705104000000,42782.74,43257.0,42436.12,42847.99,36118.47464
2024-01-14,1705190400000,42847.99,43079.0,41720.0,41732.35,28228.40894
2024-01-15,1705276800000,41732.35,43400.43,41718.05,42511.1,40269.89303
2024-01-16,1705363200000,42511.1,43578.01,42050.0,43137.95,45045.74589
2024-01-17,1705449600000,43137.94,43198.0,42200.69,42776.1,33266.21388
2024-01-18,1705536000000,42776.09,42930.0,40683.28,41327.5,43907.51641
2024-01-19,1705622400000,41327.51,42196.86,40280.0,41659.03,48342.74559
2024-01-20,1705708800000,41659.03,41872.56,41456.3,41696.04,15923.99493
2024-01-21,1705795200000,41696.05,41881.39,41500.98,41580.33,11730.16301
2024-01-22,1705881600000,41580.32,41689.65,39431.58,39568.02,55426.19911
2024-01-23,1705968000000,39568.02,40176.74,38555.0,39897.6,57956.63351
2024-01-24,1706054400000,39897.59,40555.0,39484.19,40084.88,39293.82861
2024-01-25,1706140800000,40084.89,40300.24,39550.0,39961.09,31022.11853
2024-01-26,1706227200000,39961.09,42246.82,39822.52,41823.51,47384.96726
2024-01-27,1706313600000,41823.51,42200.0,41394.34,42120.63,16224.41667
2024-01-28,1706400000000,42120.63,42842.68,41620.81,42031.06,27294.99838
2024-01-29,1706486400000,42031.05,43333.0,41804.88,43302.7,31542.74207
2024-01-30,1706572800000,43302.71,43882.36,42683.99,42941.1,37619.24546
2024-01-31,1706659200000,42941.1,43745.11,42276.84,42580.0,39871.13688
2024-02-01,1706745600000,42580.0,43285.13,41884.28,43082.94,35231.04664
2024-02-02,1706832000000,43082.95,43488.0,42546.79,43200.0,29672.14418
2024-02-03,1706918400000,43199.99,43380.01,42880.0,43011.09,12033.40998
2024-02-04,1707004800000,43011.1,43119.04,42222.0,42582.88,17066.89404
2024-02-05,1707091200000,42582.88,43569.76,42258.1,42708.7,29467.75905
2024-02-06,1707177600000,42708.7,43399.98,42574.0,43098.95,24675.85433
2024-02-07,1707264000000,43098.96,44396.5,42788.0,44349.6,34392.59915
2024-02-08,1707350400000,44349.6,45614.3,44331.1,45288.65,45439.62231
2024-02-09,1707436800000,45288.66,48200.0,45242.12,47132.77,73503.481
2024-02-10,1707523200000,47132.78,48170.0,46800.0,47751.09,24802.35936
2024-02-11,1707609600000,47751.08,48592.66,47557.16,48299.99,29958.80837
2024-02-12,1707696000000,48300.0,50334.82,47710.01,49917.27,59009.96705
2024-02-13,1707782400000,49917.28,50368.61,48300.95,49699.59,55551.56706
2024-02-14,1707868800000,49699.6,52043.71,49225.01,51795.17,57046.37401
2024-02-15,1707955200000,51795.17,52816.62,51314.0,51880.0,53816.03055
2024-02-16,1708041600000,51880.01,52572.08,51566.0,52124.11,37772.25318
2024-02-17,1708128000000,52124.1,52162.82,50625.0,51642.64,25674.00622
2024-02-18,1708214400000,51642.64,52377.0,51163.28,52137.67,21992.10363
2024-02-19,1708300800000,52137.68,52488.77,51677.0,51774.73,29534.99432
2024-02-20,1708387200000,51774.74,52985.0,50760.37,52258.82,49614.47318
2024-02-21,1708473600000,52258.82,52366.8,50625.0,51849.39,43079.40049
2024-02-22,1708560000000,51849.38,52065.78,50940.78,51288.42,35309.44574
2024-02-23,1708646400000,51288.42,51548.54,50521.0,50744.15,30545.79544
2024-02-24,1708732800000,50744.15,51698.0,50585.0,51568.22,16560.4211
2024-02-25,1708819200000,51568.21,51958.55,51279.8,51728.85,18721.63159
2024-02-26,1708905600000,51728.85,54910.0,50901.44,54476.47,51256.72199
2024-02-27,1708992000000,54476.48,57588.15,54450.13,57037.34,67194.98562
2024-02-28,1709078400000,57037.35,64000.0,56691.85,62432.1,118763.46984
2024-02-29,1709164800000,62432.11,63676.35,60364.7,61130.98,78425.07603
2024-03-01,1709251200000,61130.99,63114.23,60777.0,62387.9,47737.93473
2024-03-02,1709337600000,62387.9,62433.19,61561.12,61987.28,25534.73659
2024-03-03,1709424000000,61987.28,63231.88,61320.0,63113.97,28994.90903
2024-03-04,1709510400000,63113.97,68499.0,62300.0,68245.71,84835.16005
2024-03-05,1709596800000,68245.71,69000.0,59005.0,63724.01,132696.7813
2024-03-06,1709683200000,63724.01,67641.1,62779.14,66074.04,78738.85491
2024-03-07,1709769600000,66074.04,67980.0,65551.0,66823.17,53059.8869
2024-03-08,1709856000000,66823.18,69990.0,66082.66,68124.19,74261.932842
2024-03-09,1709942400000,68124.2,68541.1,67861.1,68313.27,19872.89743
2024-03-10,1710028800000,68313.28,69887.61,68094.75,68955.88,38404.66835
2024-03-11,1710115200000,68955.88,72800.0,67024.96,72078.1,75292.825726
2024-03-12,1710201600000,72078.1,73000.0,68620.82,71452.01,68783.546691
2024-03-13,1710288000000,71452.0,73650.25,71333.31,73072.41,52659.711647
2024-03-14,1710374400000,73072.4,73777.0,68555.0,71388.94,71757.628746
2024-03-15,1710460800000,71388.94,72419.71,65600.0,69499.85,103334.03546
2024-03-16,1710547200000,69499.84,70043.0,64780.0,65300.63,55926.95336
2024-03-17,1710633600000,65300.64,68904.4,64533.0,68393.48,49742.21589
2024-03-18,1710720000000,68393.47,68956.0,66565.2,67609.99,55691.08088
2024-03-19,1710806400000,67610.0,68124.11,61555.0,61937.4,101005.32487
2024-03-20,1710892800000,61937.41,68100.0,60775.0,67840.51,90420.58592
2024-03-21,1710979200000,67840.51,68240.47,64529.01,65501.27,53357.48002
2024-03-22,1711065600000,65501.28,66649.62,62260.0,63796.64,51482.37821
2024-03-23,1711152000000,63796.64,65999.0,63000.0,63990.01,26410.11409
2024-03-24,1711238400000,63990.02,67628.69,63772.29,67209.99,31395.78015
2024-03-25,1711324800000,67210.0,71150.0,66385.06,69880.01,53431.14486
2024-03-26,1711411200000,69880.0,71561.1,69280.0,69988.0,38934.38417
2024-03-27,1711497600000,69987.99,71769.54,68359.18,69469.99,49119.35685
2024-03-28,1711584000000,69469.99,71552.06,68903.62,70780.6,35439.03239
2024-03-29,1711670400000,70780.6,70916.16,69009.0,69850.54,25445.08353
2024-03-30,1711756800000,69850.53,70321.1,69540.0,69582.18,13644.61142
2024-03-31,1711843200000,69582.17,71366.0,69562.99,71280.01,19396.34433
2024-04-01,1711929600000,71280.0,71288.23,68062.86,69649.8,41445.32039
2024-04-02,1712016000000,69649.81,69674.23,64550.0,65463.99,71799.82793
2024-04-03,1712102400000,65463.99,66903.63,64493.07,65963.28,39887.21778
2024-04-04,1712188800000,65963.27,69309.91,65064.52,68487.79,41510.48453
2024-04-05,1712275200000,68487.8,68756.67,65952.56,67820.62,37915.23073
2024-04-06,1712361600000,67820.63,69692.0,67447.83,68896.0,20134.28919
2024-04-07,1712448000000,68896.0,70326.29,68824.0,69360.39,21534.74433
2024-04-08,1712534400000,69360.38,72797.99,69043.24,71620.0,45723.87624
2024-04-09,1712620800000,71620.0,71758.19,68210.0,69146.0,39293.90242
2024-04-10,1712707200000,69146.0,71172.08,67518.0,70631.08,42006.02377
2024-04-11,1712793600000,70631.08,71305.89,69567.21,70006.23,31917.25595
2024-04-12,1712880000000,70006.22,71227.46,65086.86,67116.52,56072.86229
2024-04-13,1712966400000,67116.52,67929.0,60660.57,63924.51,71395.22019
2024-04-14,1713052800000,63924.52,65840.0,62134.0,65661.84,61599.17818
2024-04-15,1713139200000,65661.85,66867.07,62274.4,63419.99,52389.53069
2024-04-16,1713225600000,63419.99,64365.0,61600.0,63793.39,53435.29331
2024-04-17,1713312000000,63793.4,64499.0,59678.16,61277.37,50610.54509
2024-04-18,1713398400000,61277.38,64117.09,60803.35,63470.08,43601.60918
2024-04-19,1713484800000,63470.09,65450.0,59600.01,63818.01,69774.30271
2024-04-20,1713571200000,63818.01,65419.0,63090.07,64940.59,23137.42975
2024-04-21,1713657600000,64940.58,65695.56,64237.5,64941.15,19316.42152
2024-04-22,1713744000000,64941.15,67232.35,64500.0,66819.32,31397.99371
2024-04-23,1713830400000,66819.32,67183.01,65765.81,66414.0,22599.90004
2024-04-24,1713916800000,66414.0,67070.43,63606.06,64289.59,33595.69637
2024-04-25,1714003200000,64289.58,65297.94,62794.0,64498.34,31341.46338
2024-04-26,1714089600000,64498.33,64820.01,63297.48,63770.01,27085.19346
2024-04-27,1714176000000,63770.0,63923.41,62391.24,63461.98,20933.06052
2024-04-28,1714262400000,63461.98,64370.0,62781.0,63118.62,16949.20005
2024-04-29,1714348800000,63118.62,64228.35,61765.53,63866.0,28150.22947
2024-04-30,1714435200000,63866.0,64734.0,59191.6,60672.0,54947.65535
2024-05-01,1714521600000,60672.01,60841.63,56552.82,58364.97,81166.46823
2024-05-02,1714608000000,58364.97,59625.0,56911.84,59060.61,47583.81961
2024-05-03,1714694400000,59060.6,63333.0,58811.32,62882.01,43628.40143
2024-05-04,1714780800000,62882.01,64540.0,62541.03,63892.04,24368.69282
2024-05-05,1714867200000,63892.03,64646.0,62822.17,64012.0,18526.75029
2024-05-06,1714953600000,64012.0,65500.0,62700.0,63165.19,34674.91949
2024-05-07,1715040000000,63165.18,64422.41,62261.0,62312.08,25598.79472
2024-05-08,1715126400000,62312.07,63020.22,60888.0,61193.03,26121.19004
2024-05-09,1715212800000,61193.03,63429.03,60630.0,63074.01,30660.8061
2024-05-10,1715299200000,63074.0,63469.13,60187.12,60799.99,36529.34025
2024-05-11,1715385600000,60799.99,61515.0,60487.09,60825.99,13374.56936
2024-05-12,1715472000000,60825.99,61888.0,60610.0,61483.99,12753.13236
2024-05-13,1715558400000,61484.0,63450.0,60749.21,62940.08,32733.41839
2024-05-14,1715644800000,62940.09,63118.36,61142.77,61577.49,29088.72041
